{
  "N_test": 559,
  "PLCC": {
    "value": 0.9686642809806132,
    "ci95": {
      "low": 0.9611521715269059,
      "high": 0.9758020715485932
    }
  },
  "SRCC": {
    "value": 0.9396324530710115,
    "ci95": {
      "low": 0.9265310007711947,
      "high": 0.9495116867785147
    }
  },
  "R2": {
    "value": 0.9372598301703552,
    "ci95": {
      "low": 0.9231035504996605,
      "high": 0.9499718865880233
    }
  }
}