{
  "VAL": {
    "MAE": 0.050074251103571187,
    "RMSE": 0.08137092630453606,
    "PLCC": 0.9920876773065614,
    "SRCC": 0.982314687186101,
    "R2": 0.9842379594635265,
    "Acc_pm_0_05": 0.6243291592128801,
    "Acc_pm_0_10": 0.8640429338103757
  },
  "TEST": {
    "MAE": 0.06152728758300267,
    "RMSE": 0.08859458621944158,
    "PLCC": 0.990429118407265,
    "SRCC": 0.9738158137761251,
    "R2": 0.9804124665079503,
    "Acc_pm_0_05": 0.5259391771019678,
    "Acc_pm_0_10": 0.7942754919499105
  },
  "decision": {
    "baseline": {
      "VAL": {
        "MAE": 0.12179070828425863,
        "RMSE": 0.19523215396262614,
        "PLCC": 0.958159914384212,
        "SRCC": 0.9350579975774869,
        "R2": 0.9092646305582776,
        "Acc_pm_0_05": 0.38998211091234347,
        "Acc_pm_0_10": 0.6493738819320215
      },
      "TEST": {
        "MAE": 0.10160076874100031,
        "RMSE": 0.1624473102938921,
        "PLCC": 0.9686642809806131,
        "SRCC": 0.9396324530710115,
        "R2": 0.9341447453027989,
        "Acc_pm_0_05": 0.4150268336314848,
        "Acc_pm_0_10": 0.6601073345259392
      }
    },
    "per_subset": {
      "VAL": {
        "MAE": 0.050074251103571187,
        "RMSE": 0.08137092630453606,
        "PLCC": 0.9920876773065614,
        "SRCC": 0.982314687186101,
        "R2": 0.9842379594635265,
        "Acc_pm_0_05": 0.6243291592128801,
        "Acc_pm_0_10": 0.8640429338103757
      },
      "TEST": {
        "MAE": 0.06152728758300267,
        "RMSE": 0.08859458621944158,
        "PLCC": 0.990429118407265,
        "SRCC": 0.9738158137761251,
        "R2": 0.9804124665079503,
        "Acc_pm_0_05": 0.5259391771019678,
        "Acc_pm_0_10": 0.7942754919499105
      }
    },
    "residual_repair_applied": false,
    "final_choice": "per_subset",
    "improved_over_baseline": true
  }
}